linea,sentido,tipodia,sublinea,tr_optimo,tr_minimo,tr_maximo,nodo,nodo_2,hora_desde,hora_minimo,hora_maximo
2,1,Habil,1453,00:54:45,00:51:45,00:56:45,Portal Sur T6,Flores B - 4 ó 6,2022-03-18T01:00:00Z,2022-03-18T01:00:00Z,2022-03-18T20:30:00Z
2,1,Habil,1453,00:54:45,00:51:45,00:56:45,Portal Sur T6,Flores B - 4 ó 6,2022-03-18T20:30:00Z,2022-03-18T01:00:00Z,2022-03-18T20:30:00Z
2,2,Habil,1453,00:55:15,00:51:45,00:57:15,Flores B - 4 ó 6,Portal Sur T6,2022-03-18T01:00:00Z,2022-03-18T01:00:00Z,2022-03-18T20:30:00Z
2,2,Habil,1453,00:55:15,00:51:45,00:57:15,Flores B - 4 ó 6,Portal Sur T6,2022-03-18T20:30:00Z,2022-03-18T01:00:00Z,2022-03-18T20:30:00Z
4,1,Habil,1210,00:24:30,00:24:15,00:27:30,Toberín D - 2,Calle 72 C - 2,2022-03-18T01:00:00Z,2022-03-18T01:00:00Z,2022-03-18T20:30:00Z
4,1,Habil,1210,00:24:30,00:24:15,00:27:30,Toberín D - 2,Calle 72 C - 2,2022-03-18T20:30:00Z,2022-03-18T01:00:00Z,2022-03-18T20:30:00Z
6,1,Habil,1379,00:42:15,00:39:45,00:43:30,Portal 80 T-2,Portal Norte T1,2022-03-18T01:00:00Z,2022-03-18T01:00:00Z,2022-03-18T20:30:00Z
6,1,Habil,1379,00:42:15,00:39:45,00:43:30,Portal 80 T-2,Portal Norte T1,2022-03-18T20:30:00Z,2022-03-18T01:00:00Z,2022-03-18T20:30:00Z
12,1,Habil,1487,00:04:35,00:04:19,00:04:46,Portal Américas T3,Biblioteca Tintal A - 1,2022-03-18T01:00:00Z,2022-03-18T01:00:00Z,2022-03-18T20:30:00Z
12,1,Habil,1487,00:04:35,00:04:19,00:04:46,Portal Américas T3,Biblioteca Tintal A - 1,2022-03-18T20:30:00Z,2022-03-18T01:00:00Z,2022-03-18T20:30:00Z
12,1,Habil,1487,00:04:35,00:04:19,00:04:46,Biblioteca Tintal A - 1,Banderas T6,2022-03-18T01:00:00Z,2022-03-18T01:00:00Z,2022-03-18T20:30:00Z
12,1,Habil,1487,00:04:35,00:04:19,00:04:46,Biblioteca Tintal A - 1,Banderas T6,2022-03-18T20:30:00Z,2022-03-18T01:00:00Z,2022-03-18T20:30:00Z
12,1,Habil,1487,00:04:35,00:04:19,00:04:46,Banderas T6,Portal Norte T2B,2022-03-18T01:00:00Z,2022-03-18T01:00:00Z,2022-03-18T20:30:00Z
12,1,Habil,1487,00:04:35,00:04:19,00:04:46,Banderas T6,Portal Norte T2B,2022-03-18T20:30:00Z,2022-03-18T01:00:00Z,2022-03-18T20:30:00Z
14,1,Habil,1497,00:54:00,00:48:15,00:56:30,Portal Suba T8,Calle 161 B - 1,2022-03-18T01:00:00Z,2022-03-18T01:00:00Z,2022-03-18T20:30:00Z
14,1,Habil,1497,00:54:00,00:48:15,00:56:30,Portal Suba T8,Calle 161 B - 1,2022-03-18T20:30:00Z,2022-03-18T01:00:00Z,2022-03-18T20:30:00Z
14,2,Habil,1497,00:49:59,00:47:58,00:51:43,Calle 161 B - 1,Portal Suba T8,2022-03-18T01:00:00Z,2022-03-18T01:00:00Z,2022-03-18T20:30:00Z
14,2,Habil,1497,00:49:59,00:47:58,00:51:43,Calle 161 B - 1,Portal Suba T8,2022-03-18T20:30:00Z,2022-03-18T01:00:00Z,2022-03-18T20:30:00Z
18,1,Habil,1377,00:20:00,00:18:45,00:21:30,Portal 80 T-4,Héroes C - 4,2022-03-18T01:00:00Z,2022-03-18T01:00:00Z,2022-03-18T20:30:00Z
18,1,Habil,1377,00:20:00,00:18:45,00:21:30,Portal 80 T-4,Héroes C - 4,2022-03-18T20:30:00Z,2022-03-18T01:00:00Z,2022-03-18T20:30:00Z
19,1,Habil,1361,00:32:30,00:28:00,00:34:15,Portal Suba T8,Héroes B - 4 ó 6,2022-03-18T01:00:00Z,2022-03-18T01:00:00Z,2022-03-18T20:30:00Z
19,1,Habil,1361,00:32:30,00:28:00,00:34:15,Portal Suba T8,Héroes B - 4 ó 6,2022-03-18T20:30:00Z,2022-03-18T01:00:00Z,2022-03-18T20:30:00Z
27,1,Habil,1523,00:08:23,00:08:08,00:08:33,Banderas T1,Marsella B - 2 ó 5,2022-03-18T01:00:00Z,2022-03-18T01:00:00Z,2022-03-18T20:30:00Z
27,1,Habil,1523,00:08:23,00:08:08,00:08:33,Banderas T1,Marsella B - 2 ó 5,2022-03-18T20:30:00Z,2022-03-18T01:00:00Z,2022-03-18T20:30:00Z
27,1,Habil,1523,00:08:23,00:08:08,00:08:33,Marsella B - 2 ó 5,Portal Suba T6,2022-03-18T01:00:00Z,2022-03-18T01:00:00Z,2022-03-18T20:30:00Z
27,1,Habil,1523,00:08:23,00:08:08,00:08:33,Marsella B - 2 ó 5,Portal Suba T6,2022-03-18T20:30:00Z,2022-03-18T01:00:00Z,2022-03-18T20:30:00Z
27,2,Habil,1523,00:05:19,00:05:11,00:05:23,Portal Suba T6,La Campiña A - 2,2022-03-18T01:00:00Z,2022-03-18T01:00:00Z,2022-03-18T20:30:00Z
27,2,Habil,1523,00:05:19,00:05:11,00:05:23,Portal Suba T6,La Campiña A - 2,2022-03-18T20:30:00Z,2022-03-18T01:00:00Z,2022-03-18T20:30:00Z
27,2,Habil,1523,00:05:19,00:05:11,00:05:23,La Campiña A - 2,Banderas T1,2022-03-18T01:00:00Z,2022-03-18T01:00:00Z,2022-03-18T20:30:00Z
27,2,Habil,1523,00:05:19,00:05:11,00:05:23,La Campiña A - 2,Banderas T1,2022-03-18T20:30:00Z,2022-03-18T01:00:00Z,2022-03-18T20:30:00Z
39,1,Habil,1480,00:42:30,00:40:15,00:43:15,Portal Américas T3 B,NQS - Calle 75 B - 4 ó 6,2022-03-18T01:00:00Z,2022-03-18T01:00:00Z,2022-03-18T20:30:00Z
39,1,Habil,1480,00:42:30,00:40:15,00:43:15,Portal Américas T3 B,NQS - Calle 75 B - 4 ó 6,2022-03-18T20:30:00Z,2022-03-18T01:00:00Z,2022-03-18T20:30:00Z
39,1,Habil,1481,00:48:30,00:45:45,00:49:30,NQS - Calle 75 A - 1,Portal Américas T3 B,2022-03-18T01:00:00Z,2022-03-18T01:00:00Z,2022-03-18T20:30:00Z
39,1,Habil,1481,00:48:30,00:45:45,00:49:30,NQS - Calle 75 A - 1,Portal Américas T3 B,2022-03-18T20:30:00Z,2022-03-18T01:00:00Z,2022-03-18T20:30:00Z
41,1,Habil,1380,01:15:45,01:12:00,01:18:30,Granja - Cra. 77 C - 2 ó 5,Portal Américas T7,2022-03-18T01:00:00Z,2022-03-18T01:00:00Z,2022-03-18T20:30:00Z
41,1,Habil,1380,01:15:45,01:12:00,01:18:30,Granja - Cra. 77 C - 2 ó 5,Portal Américas T7,2022-03-18T20:30:00Z,2022-03-18T01:00:00Z,2022-03-18T20:30:00Z
47,1,Habil,1218,00:28:00,00:25:00,00:28:00,Mazurén C - 1,Calle 57 C - 2,2022-03-18T01:00:00Z,2022-03-18T01:00:00Z,2022-03-18T20:30:00Z
47,1,Habil,1218,00:28:00,00:25:00,00:28:00,Mazurén C - 1,Calle 57 C - 2,2022-03-18T20:30:00Z,2022-03-18T01:00:00Z,2022-03-18T20:30:00Z
54,1,Habil,985,00:05:45,00:05:45,00:05:45,Portal Norte T1,Toberín C - 2 ó 5,2022-03-18T01:00:00Z,2022-03-18T01:00:00Z,2022-03-18T20:30:00Z
54,1,Habil,985,00:05:45,00:05:45,00:05:45,Portal Norte T1,Toberín C - 2 ó 5,2022-03-18T20:30:00Z,2022-03-18T01:00:00Z,2022-03-18T20:30:00Z
54,1,Habil,985,00:05:45,00:05:45,00:05:45,Toberín C - 2 ó 5,Aguas A - 1,2022-03-18T01:00:00Z,2022-03-18T01:00:00Z,2022-03-18T20:30:00Z
54,1,Habil,985,00:05:45,00:05:45,00:05:45,Toberín C - 2 ó 5,Aguas A - 1,2022-03-18T20:30:00Z,2022-03-18T01:00:00Z,2022-03-18T20:30:00Z
56,1,Habil,1019,00:19:15,00:18:15,00:19:45,Portal Eldorado T-5,Calle 22 A - 2 ó 5,2022-03-18T01:00:00Z,2022-03-18T01:00:00Z,2022-03-18T20:30:00Z
56,1,Habil,1019,00:19:15,00:18:15,00:19:45,Portal Eldorado T-5,Calle 22 A - 2 ó 5,2022-03-18T20:30:00Z,2022-03-18T01:00:00Z,2022-03-18T20:30:00Z
56,1,Habil,1019,00:19:15,00:18:15,00:19:45,Calle 22 A - 2 ó 5,PORTAL 20 DE JULIO T3,2022-03-18T01:00:00Z,2022-03-18T01:00:00Z,2022-03-18T20:30:00Z
56,1,Habil,1019,00:19:15,00:18:15,00:19:45,Calle 22 A - 2 ó 5,PORTAL 20 DE JULIO T3,2022-03-18T20:30:00Z,2022-03-18T01:00:00Z,2022-03-18T20:30:00Z
56,2,Habil,1019,00:18:00,00:17:00,00:18:30,PORTAL 20 DE JULIO T3,Calle 22 A - 4 ó 6,2022-03-18T01:00:00Z,2022-03-18T01:00:00Z,2022-03-18T20:30:00Z
56,2,Habil,1019,00:18:00,00:17:00,00:18:30,PORTAL 20 DE JULIO T3,Calle 22 A - 4 ó 6,2022-03-18T20:30:00Z,2022-03-18T01:00:00Z,2022-03-18T20:30:00Z
56,2,Habil,1019,00:18:00,00:17:00,00:18:30,Calle 22 A - 4 ó 6,Portal Eldorado T-5,2022-03-18T01:00:00Z,2022-03-18T01:00:00Z,2022-03-18T20:30:00Z
56,2,Habil,1019,00:18:00,00:17:00,00:18:30,Calle 22 A - 4 ó 6,Portal Eldorado T-5,2022-03-18T20:30:00Z,2022-03-18T01:00:00Z,2022-03-18T20:30:00Z
56,1,Habil,1435,00:48:00,00:44:00,00:49:45,Portal Eldorado T-5,PORTAL 20 DE JULIO T3,2022-03-18T01:00:00Z,2022-03-18T01:00:00Z,2022-03-18T20:30:00Z
56,1,Habil,1435,00:48:00,00:44:00,00:49:45,Portal Eldorado T-5,PORTAL 20 DE JULIO T3,2022-03-18T20:30:00Z,2022-03-18T01:00:00Z,2022-03-18T20:30:00Z
56,2,Habil,1435,00:47:00,00:43:45,00:49:15,PORTAL 20 DE JULIO T3,Portal Eldorado T-5,2022-03-18T01:00:00Z,2022-03-18T01:00:00Z,2022-03-18T20:30:00Z
56,2,Habil,1435,00:47:00,00:43:45,00:49:15,PORTAL 20 DE JULIO T3,Portal Eldorado T-5,2022-03-18T20:30:00Z,2022-03-18T01:00:00Z,2022-03-18T20:30:00Z
109,1,Habil,1430,00:49:45,00:46:30,00:52:00,Alcalá C - 2 ó 5,Portal Eldorado T-3B,2022-03-18T01:00:00Z,2022-03-18T01:00:00Z,2022-03-18T20:30:00Z
109,1,Habil,1430,00:49:45,00:46:30,00:52:00,Alcalá C - 2 ó 5,Portal Eldorado T-3B,2022-03-18T20:30:00Z,2022-03-18T01:00:00Z,2022-03-18T20:30:00Z
110,1,Habil,1434,00:57:45,00:53:30,01:01:45,Portal Eldorado T-4,Portal Usme T2A,2022-03-18T01:00:00Z,2022-03-18T01:00:00Z,2022-03-18T20:30:00Z
110,1,Habil,1434,00:57:45,00:53:30,01:01:45,Portal Eldorado T-4,Portal Usme T2A,2022-03-18T20:30:00Z,2022-03-18T01:00:00Z,2022-03-18T20:30:00Z
110,2,Habil,1434,00:05:30,00:05:00,00:05:45,Portal Usme T2A,Molinos A - 4 ó 6,2022-03-18T01:00:00Z,2022-03-18T01:00:00Z,2022-03-18T20:30:00Z
110,2,Habil,1434,00:05:30,00:05:00,00:05:45,Portal Usme T2A,Molinos A - 4 ó 6,2022-03-18T20:30:00Z,2022-03-18T01:00:00Z,2022-03-18T20:30:00Z
110,2,Habil,1434,00:05:30,00:05:00,00:05:45,Molinos A - 4 ó 6,Calle 40 S. A - 4 ó 6,2022-03-18T01:00:00Z,2022-03-18T01:00:00Z,2022-03-18T20:30:00Z
110,2,Habil,1434,00:05:30,00:05:00,00:05:45,Molinos A - 4 ó 6,Calle 40 S. A - 4 ó 6,2022-03-18T20:30:00Z,2022-03-18T01:00:00Z,2022-03-18T20:30:00Z
110,2,Habil,1434,00:05:30,00:05:00,00:05:45,Calle 40 S. A - 4 ó 6,Portal Eldorado T-4,2022-03-18T01:00:00Z,2022-03-18T01:00:00Z,2022-03-18T20:30:00Z
110,2,Habil,1434,00:05:30,00:05:00,00:05:45,Calle 40 S. A - 4 ó 6,Portal Eldorado T-4,2022-03-18T20:30:00Z,2022-03-18T01:00:00Z,2022-03-18T20:30:00Z
111,1,Habil,1414,00:09:45,00:09:15,00:10:00,Portal Américas T4,Biblioteca Tintal B - 2 ó 5,2022-03-18T01:00:00Z,2022-03-18T01:00:00Z,2022-03-18T20:30:00Z
111,1,Habil,1414,00:09:45,00:09:15,00:10:00,Portal Américas T4,Biblioteca Tintal B - 2 ó 5,2022-03-18T20:30:00Z,2022-03-18T01:00:00Z,2022-03-18T20:30:00Z
111,1,Habil,1414,00:09:45,00:09:15,00:10:00,Biblioteca Tintal B - 2 ó 5,Museo Nacional A - 3 ó 6,2022-03-18T01:00:00Z,2022-03-18T01:00:00Z,2022-03-18T20:30:00Z
111,1,Habil,1414,00:09:45,00:09:15,00:10:00,Biblioteca Tintal B - 2 ó 5,Museo Nacional A - 3 ó 6,2022-03-18T20:30:00Z,2022-03-18T01:00:00Z,2022-03-18T20:30:00Z
112,1,Habil,931,00:40:00,00:38:00,00:40:45,San Mateo C - 2 ó 5,CAD B - 2 ó 5,2022-03-18T01:00:00Z,2022-03-18T01:00:00Z,2022-03-18T20:30:00Z
112,1,Habil,931,00:40:00,00:38:00,00:40:45,San Mateo C - 2 ó 5,CAD B - 2 ó 5,2022-03-18T20:30:00Z,2022-03-18T01:00:00Z,2022-03-18T20:30:00Z
112,2,Habil,931,00:36:35,00:35:26,00:37:21,CAD B - 2 ó 5,San Mateo C - 2 ó 5,2022-03-18T01:00:00Z,2022-03-18T01:00:00Z,2022-03-18T20:30:00Z
112,2,Habil,931,00:36:35,00:35:26,00:37:21,CAD B - 2 ó 5,San Mateo C - 2 ó 5,2022-03-18T20:30:00Z,2022-03-18T01:00:00Z,2022-03-18T20:30:00Z
112,2,Habil,1013,00:03:17,00:03:07,00:03:19,Portal Eldorado T-1,CAD B - 2 ó 5,2022-03-18T01:00:00Z,2022-03-18T01:00:00Z,2022-03-18T20:30:00Z
112,2,Habil,1013,00:03:17,00:03:07,00:03:19,Portal Eldorado T-1,CAD B - 2 ó 5,2022-03-18T20:30:00Z,2022-03-18T01:00:00Z,2022-03-18T20:30:00Z
112,2,Habil,1013,00:03:17,00:03:07,00:03:19,CAD B - 2 ó 5,Ricaurte B - 2 ó 5,2022-03-18T01:00:00Z,2022-03-18T01:00:00Z,2022-03-18T20:30:00Z
112,2,Habil,1013,00:03:17,00:03:07,00:03:19,CAD B - 2 ó 5,Ricaurte B - 2 ó 5,2022-03-18T20:30:00Z,2022-03-18T01:00:00Z,2022-03-18T20:30:00Z
112,2,Habil,1013,00:03:17,00:03:07,00:03:19,Ricaurte B - 2 ó 5,San Mateo C - 2 ó 5,2022-03-18T01:00:00Z,2022-03-18T01:00:00Z,2022-03-18T20:30:00Z
112,2,Habil,1013,00:03:17,00:03:07,00:03:19,Ricaurte B - 2 ó 5,San Mateo C - 2 ó 5,2022-03-18T20:30:00Z,2022-03-18T01:00:00Z,2022-03-18T20:30:00Z
112,1,Habil,1039,00:22:30,00:21:00,00:23:30,San Mateo C - 2 ó 5,Ricaurte C - 4 ó 6,2022-03-18T01:00:00Z,2022-03-18T01:00:00Z,2022-03-18T20:30:00Z
112,1,Habil,1039,00:22:30,00:21:00,00:23:30,San Mateo C - 2 ó 5,Ricaurte C - 4 ó 6,2022-03-18T20:30:00Z,2022-03-18T01:00:00Z,2022-03-18T20:30:00Z
112,1,Habil,1039,00:22:30,00:21:00,00:23:30,Ricaurte C - 4 ó 6,Portal Eldorado T-1,2022-03-18T01:00:00Z,2022-03-18T01:00:00Z,2022-03-18T20:30:00Z
112,1,Habil,1039,00:22:30,00:21:00,00:23:30,Ricaurte C - 4 ó 6,Portal Eldorado T-1,2022-03-18T20:30:00Z,2022-03-18T01:00:00Z,2022-03-18T20:30:00Z
112,2,Habil,1039,00:10:05,00:09:44,00:10:18,Portal Eldorado T-1,El Tiempo - Maloka B - 1 ó 5,2022-03-18T01:00:00Z,2022-03-18T01:00:00Z,2022-03-18T20:30:00Z
112,2,Habil,1039,00:10:05,00:09:44,00:10:18,Portal Eldorado T-1,El Tiempo - Maloka B - 1 ó 5,2022-03-18T20:30:00Z,2022-03-18T01:00:00Z,2022-03-18T20:30:00Z
112,2,Habil,1039,00:10:05,00:09:44,00:10:18,El Tiempo - Maloka B - 1 ó 5,Ricaurte B - 2 ó 5,2022-03-18T01:00:00Z,2022-03-18T01:00:00Z,2022-03-18T20:30:00Z
112,2,Habil,1039,00:10:05,00:09:44,00:10:18,El Tiempo - Maloka B - 1 ó 5,Ricaurte B - 2 ó 5,2022-03-18T20:30:00Z,2022-03-18T01:00:00Z,2022-03-18T20:30:00Z
112,2,Habil,1039,00:10:05,00:09:44,00:10:18,Ricaurte B - 2 ó 5,San Mateo C - 2 ó 5,2022-03-18T01:00:00Z,2022-03-18T01:00:00Z,2022-03-18T20:30:00Z
112,2,Habil,1039,00:10:05,00:09:44,00:10:18,Ricaurte B - 2 ó 5,San Mateo C - 2 ó 5,2022-03-18T20:30:00Z,2022-03-18T01:00:00Z,2022-03-18T20:30:00Z
132,1,Habil,1378,01:02:45,00:59:15,01:03:30,Portal Usme T2B,Escuela Militar A - 4 ó 6,2022-03-18T01:00:00Z,2022-03-18T01:00:00Z,2022-03-18T20:30:00Z
132,1,Habil,1378,01:02:45,00:59:15,01:03:30,Portal Usme T2B,Escuela Militar A - 4 ó 6,2022-03-18T20:30:00Z,2022-03-18T01:00:00Z,2022-03-18T20:30:00Z
134,1,Habil,1404,00:15:15,00:13:45,00:16:15,Portal Sur T4,San Mateo A - 1,2022-03-18T01:00:00Z,2022-03-18T01:00:00Z,2022-03-18T20:30:00Z
134,1,Habil,1404,00:15:15,00:13:45,00:16:15,Portal Sur T4,San Mateo A - 1,2022-03-18T20:30:00Z,2022-03-18T01:00:00Z,2022-03-18T20:30:00Z
134,2,Habil,1404,00:16:45,00:14:45,00:17:45,San Mateo A - 1,Portal Sur T4,2022-03-18T01:00:00Z,2022-03-18T01:00:00Z,2022-03-18T20:30:00Z
134,2,Habil,1404,00:16:45,00:14:45,00:17:45,San Mateo A - 1,Portal Sur T4,2022-03-18T20:30:00Z,2022-03-18T01:00:00Z,2022-03-18T20:30:00Z
264,1,Habil,1505,00:46:42,00:42:42,00:49:42,Portal Usme T6,Concejo de Bogotá A - 4 ó 6,2022-03-18T01:00:00Z,2022-03-18T01:00:00Z,2022-03-18T20:30:00Z
264,1,Habil,1505,00:46:42,00:42:42,00:49:42,Portal Usme T6,Concejo de Bogotá A - 4 ó 6,2022-03-18T20:30:00Z,2022-03-18T01:00:00Z,2022-03-18T20:30:00Z
264,2,Habil,1505,00:49:21,00:44:51,00:51:27,Concejo de Bogotá A - 4 ó 6,Portal Usme T6,2022-03-18T01:00:00Z,2022-03-18T01:00:00Z,2022-03-18T20:30:00Z
264,2,Habil,1505,00:49:21,00:44:51,00:51:27,Concejo de Bogotá A - 4 ó 6,Portal Usme T6,2022-03-18T20:30:00Z,2022-03-18T01:00:00Z,2022-03-18T20:30:00Z
267,1,Habil,1299,00:48:00,00:44:30,00:49:45,Portal 80 T-4,Universidades A - 2 ó 5,2022-03-18T01:00:00Z,2022-03-18T01:00:00Z,2022-03-18T20:30:00Z
267,1,Habil,1299,00:48:00,00:44:30,00:49:45,Portal 80 T-4,Universidades A - 2 ó 5,2022-03-18T20:30:00Z,2022-03-18T01:00:00Z,2022-03-18T20:30:00Z
267,1,Habil,1300,00:08:30,00:08:00,00:08:45,Universidades B - 4 ó 6,Calle 26 A - 4 ó 6,2022-03-18T01:00:00Z,2022-03-18T01:00:00Z,2022-03-18T20:30:00Z
267,1,Habil,1300,00:08:30,00:08:00,00:08:45,Universidades B - 4 ó 6,Calle 26 A - 4 ó 6,2022-03-18T20:30:00Z,2022-03-18T01:00:00Z,2022-03-18T20:30:00Z
267,1,Habil,1300,00:08:30,00:08:00,00:08:45,Calle 26 A - 4 ó 6,Calle 76 A - 4 ó 6,2022-03-18T01:00:00Z,2022-03-18T01:00:00Z,2022-03-18T20:30:00Z
267,1,Habil,1300,00:08:30,00:08:00,00:08:45,Calle 26 A - 4 ó 6,Calle 76 A - 4 ó 6,2022-03-18T20:30:00Z,2022-03-18T01:00:00Z,2022-03-18T20:30:00Z
267,1,Habil,1300,00:08:30,00:08:00,00:08:45,Calle 76 A - 4 ó 6,Portal 80 T-4,2022-03-18T01:00:00Z,2022-03-18T01:00:00Z,2022-03-18T20:30:00Z
267,1,Habil,1300,00:08:30,00:08:00,00:08:45,Calle 76 A - 4 ó 6,Portal 80 T-4,2022-03-18T20:30:00Z,2022-03-18T01:00:00Z,2022-03-18T20:30:00Z
268,1,Habil,1397,00:50:00,00:47:00,00:52:00,Santa Isabel A - 4 ó 6,Portal Suba T2,2022-03-18T01:00:00Z,2022-03-18T01:00:00Z,2022-03-18T20:30:00Z
268,1,Habil,1397,00:50:00,00:47:00,00:52:00,Santa Isabel A - 4 ó 6,Portal Suba T2,2022-03-18T20:30:00Z,2022-03-18T01:00:00Z,2022-03-18T20:30:00Z
268,1,Habil,1506,00:51:00,00:47:45,00:52:45,Portal Suba T2,Santa Isabel A - 2 ó 5,2022-03-18T01:00:00Z,2022-03-18T01:00:00Z,2022-03-18T20:30:00Z
268,1,Habil,1506,00:51:00,00:47:45,00:52:45,Portal Suba T2,Santa Isabel A - 2 ó 5,2022-03-18T20:30:00Z,2022-03-18T01:00:00Z,2022-03-18T20:30:00Z
334,1,Habil,1454,00:42:30,00:40:00,00:44:00,Bicentenario B - 4 ó 6,San Mateo B - 2 ó 5,2022-03-18T01:00:00Z,2022-03-18T01:00:00Z,2022-03-18T20:30:00Z
334,1,Habil,1454,00:42:30,00:40:00,00:44:00,Bicentenario B - 4 ó 6,San Mateo B - 2 ó 5,2022-03-18T20:30:00Z,2022-03-18T01:00:00Z,2022-03-18T20:30:00Z
334,1,Habil,1455,00:42:30,00:40:15,00:44:15,San Mateo A - 4,Bicentenario C - 2 ó 5,2022-03-18T01:00:00Z,2022-03-18T01:00:00Z,2022-03-18T19:30:00Z
334,1,Habil,1455,00:42:30,00:40:15,00:44:15,San Mateo A - 4,Bicentenario C - 2 ó 5,2022-03-18T19:30:00Z,2022-03-18T01:00:00Z,2022-03-18T19:30:00Z
305,1,Habil,1467,0:10:18,0:09:56,0:10:32,Portal Norte T4,Alcalá A - 2 ó 5,2022-03-18T01:00:00Z,2022-03-18T01:00:00Z,2022-03-18T20:30:00Z
305,1,Habil,1467,0:10:18,0:09:56,0:10:32,Portal Norte T4,Alcalá A - 2 ó 5,2022-03-18T20:30:00Z,2022-03-18T01:00:00Z,2022-03-18T20:30:00Z
305,1,Habil,1467,0:10:18,0:09:56,0:10:32,Alcalá A - 2 ó 5,Simón Bolívar A - 2 ó 5,2022-03-18T01:00:00Z,2022-03-18T01:00:00Z,2022-03-18T20:30:00Z
305,1,Habil,1467,0:10:18,0:09:56,0:10:32,Alcalá A - 2 ó 5,Simón Bolívar A - 2 ó 5,2022-03-18T20:30:00Z,2022-03-18T01:00:00Z,2022-03-18T20:30:00Z
305,1,Habil,1467,0:10:18,0:09:56,0:10:32,Simón Bolívar A - 2 ó 5,San Mateo B - 2 ó 5,2022-03-18T01:00:00Z,2022-03-18T01:00:00Z,2022-03-18T20:30:00Z
305,1,Habil,1467,0:10:18,0:09:56,0:10:32,Simón Bolívar A - 2 ó 5,San Mateo B - 2 ó 5,2022-03-18T20:30:00Z,2022-03-18T01:00:00Z,2022-03-18T20:30:00Z
305,1,Habil,1465,0:06:40,0:06:29,0:06:48,San Mateo B - 4 ó 6,Terreros C - 4 ó 6,2022-03-18T01:00:00Z,2022-03-18T01:00:00Z,2022-03-18T20:30:00Z
305,1,Habil,1465,0:06:40,0:06:29,0:06:48,San Mateo B - 4 ó 6,Terreros C - 4 ó 6,2022-03-18T20:30:00Z,2022-03-18T01:00:00Z,2022-03-18T20:30:00Z
305,1,Habil,1465,0:06:40,0:06:29,0:06:48,Terreros C - 4 ó 6,Portal Norte T4,2022-03-18T01:00:00Z,2022-03-18T01:00:00Z,2022-03-18T20:30:00Z
305,1,Habil,1465,0:06:40,0:06:29,0:06:48,Terreros C - 4 ó 6,Portal Norte T4,2022-03-18T20:30:00Z,2022-03-18T01:00:00Z,2022-03-18T20:30:00Z
45,1,Habil,1223,00:56:53,00:54:10,00:58:45,Portal 80 T-1A,Calle 40 S. B - 2 ó 5,2022-03-18T01:00:00Z,2022-03-18T01:00:00Z,2022-03-18T20:30:00Z
45,1,Habil,1223,00:56:53,00:54:10,00:58:45,Portal 80 T-1A,Calle 40 S. B - 2 ó 5,2022-03-18T20:30:00Z,2022-03-18T01:00:00Z,2022-03-18T20:30:00Z
45,1,Habil,1382,00:14:48,00:14:05,00:15:04,Portal Tunal T7,Calle 40 S. B - 4 ó 6,2022-03-18T01:00:00Z,2022-03-18T01:00:00Z,2022-03-18T20:30:00Z
45,1,Habil,1382,00:14:48,00:14:05,00:15:04,Portal Tunal T7,Calle 40 S. B - 4 ó 6,2022-03-18T20:30:00Z,2022-03-18T01:00:00Z,2022-03-18T20:30:00Z
45,1,Habil,1382,00:14:48,00:14:05,00:15:04,Calle 40 S. B - 4 ó 6,Flores A - 4 ó 6,2022-03-18T01:00:00Z,2022-03-18T01:00:00Z,2022-03-18T20:30:00Z
45,1,Habil,1382,00:14:48,00:14:05,00:15:04,Calle 40 S. B - 4 ó 6,Flores A - 4 ó 6,2022-03-18T20:30:00Z,2022-03-18T01:00:00Z,2022-03-18T20:30:00Z
45,1,Habil,1382,00:14:48,00:14:05,00:15:04,Flores A - 4 ó 6,Portal 80 T-1A,2022-03-18T01:00:00Z,2022-03-18T01:00:00Z,2022-03-18T20:30:00Z
45,1,Habil,1382,00:14:48,00:14:05,00:15:04,Flores A - 4 ó 6,Portal 80 T-1A,2022-03-18T20:30:00Z,2022-03-18T01:00:00Z,2022-03-18T20:30:00Z
45,2,Habil,1382,00:06:35,00:06:16,00:06:42,Portal 80 T-1A,Av. Cali A - 2 ó 5,2022-03-18T01:00:00Z,2022-03-18T01:00:00Z,2022-03-18T20:30:00Z
45,2,Habil,1382,00:06:35,00:06:16,00:06:42,Portal 80 T-1A,Av. Cali A - 2 ó 5,2022-03-18T20:30:00Z,2022-03-18T01:00:00Z,2022-03-18T20:30:00Z
45,2,Habil,1382,00:06:35,00:06:16,00:06:42,Av. Cali A - 2 ó 5,Portal Tunal T7,2022-03-18T01:00:00Z,2022-03-18T01:00:00Z,2022-03-18T20:30:00Z
45,2,Habil,1382,00:06:35,00:06:16,00:06:42,Av. Cali A - 2 ó 5,Portal Tunal T7,2022-03-18T20:30:00Z,2022-03-18T01:00:00Z,2022-03-18T20:30:00Z
45,1,Habil,1383,01:18:18,01:12:20,01:21:25,Portal Tunal T7,Av. Cali A - 4 ó 6,2022-03-18T01:00:00Z,2022-03-18T01:00:00Z,2022-03-18T20:30:00Z
45,1,Habil,1383,01:18:18,01:12:20,01:21:25,Portal Tunal T7,Av. Cali A - 4 ó 6,2022-03-18T20:30:00Z,2022-03-18T01:00:00Z,2022-03-18T20:30:00Z
262,1,Habil,1038,00:05:48,00:05:31,00:05:58,Portal Eldorado T-6B,El Tiempo - Maloka A - 2 ó 5,2022-03-18T01:00:00Z,2022-03-18T01:00:00Z,2022-03-18T20:30:00Z
262,1,Habil,1038,00:05:48,00:05:31,00:05:58,Portal Eldorado T-6B,El Tiempo - Maloka A - 2 ó 5,2022-03-18T20:30:00Z,2022-03-18T01:00:00Z,2022-03-18T20:30:00Z
262,1,Habil,1038,00:05:48,00:05:31,00:05:58,El Tiempo - Maloka A - 2 ó 5,Universidades B - 2 ó 5,2022-03-18T01:00:00Z,2022-03-18T01:00:00Z,2022-03-18T20:30:00Z
262,1,Habil,1038,00:05:48,00:05:31,00:05:58,El Tiempo - Maloka A - 2 ó 5,Universidades B - 2 ó 5,2022-03-18T20:30:00Z,2022-03-18T01:00:00Z,2022-03-18T20:30:00Z
262,2,Habil,1038,00:25:52,00:24:08,00:27:07,Universidades B - 2 ó 5,Portal Eldorado T-6B,2022-03-18T01:00:00Z,2022-03-18T01:00:00Z,2022-03-18T20:30:00Z
262,2,Habil,1038,00:25:52,00:24:08,00:27:07,Universidades B - 2 ó 5,Portal Eldorado T-6B,2022-03-18T20:30:00Z,2022-03-18T01:00:00Z,2022-03-18T20:30:00Z
305,1,Habil,1466,01:06:49,01:02:04,01:07:53,San Mateo B - 4 ó 6,Alcalá A - 4 ó 6,2022-03-18T01:00:00Z,2022-03-18T01:00:00Z,2022-03-18T20:30:00Z
305,1,Habil,1466,01:06:49,01:02:04,01:07:53,San Mateo B - 4 ó 6,Alcalá A - 4 ó 6,2022-03-18T20:30:00Z,2022-03-18T01:00:00Z,2022-03-18T20:30:00Z
40,2,Habil,1492,00:09:56,00:09:17,00:10:17,Aguas A - 2 ó 5,Av. Jiménez D - 4 ó 6,2022-03-18T01:00:00Z,2022-03-18T01:00:00Z,2022-03-18T20:40:00Z
40,2,Habil,1492,00:09:56,00:09:17,00:10:17,Av. Jiménez D - 4 ó 6,Portal Américas T6,2022-03-18T01:00:00Z,2022-03-18T01:00:00Z,2022-03-18T20:40:00Z
40,2,Habil,1492,00:09:56,00:09:17,00:10:17,Av. Jiménez D - 4 ó 6,Portal Américas T6,2022-03-18T20:40:00Z,2022-03-18T01:00:00Z,2022-03-18T20:40:00Z
40,2,Habil,1493,00:31:20,00:30:07,00:33:20,Aguas A - 2 ó 5,Banderas T3,2022-03-18T01:00:00Z,2022-03-18T01:00:00Z,2022-03-18T20:30:00Z
40,2,Habil,1493,00:31:20,00:30:07,00:33:20,Aguas A - 2 ó 5,Banderas T3,2022-03-18T20:30:00Z,2022-03-18T01:00:00Z,2022-03-18T20:30:00Z
105,1,Habil,1504,01:22:19,01:18:35,01:24:00,Portal Américas T9,Portal Suba T5,2022-03-18T01:00:00Z,2022-03-18T01:00:00Z,2022-03-18T20:30:00Z
105,1,Habil,1504,01:22:19,01:18:35,01:24:00,Portal Américas T9,Portal Suba T5,2022-03-18T20:30:00Z,2022-03-18T01:00:00Z,2022-03-18T20:30:00Z
105,2,Habil,1504,01:23:14,01:19:42,01:24:42,Portal Suba T5,Portal Américas T9,2022-03-18T01:00:00Z,2022-03-18T01:00:00Z,2022-03-18T20:30:00Z
105,2,Habil,1504,01:23:14,01:19:42,01:24:42,Portal Suba T5,Portal Américas T9,2022-03-18T20:30:00Z,2022-03-18T01:00:00Z,2022-03-18T20:30:00Z
108,1,Habil,1431,01:02:15,00:58:08,01:04:20,PORTAL 20 DE JULIO T9,Terminal A - 4 ó 6,2022-03-18T01:00:00Z,2022-03-18T01:00:00Z,2022-03-18T20:30:00Z
108,1,Habil,1431,01:02:15,00:58:08,01:04:20,PORTAL 20 DE JULIO T9,Terminal A - 4 ó 6,2022-03-18T20:30:00Z,2022-03-18T01:00:00Z,2022-03-18T20:30:00Z
108,2,Habil,1431,01:01:28,00:57:47,01:04:23,Terminal A - 4 ó 6,PORTAL 20 DE JULIO T9,2022-03-18T01:00:00Z,2022-03-18T01:00:00Z,2022-03-18T20:40:00Z
108,2,Habil,1431,01:01:28,00:57:47,01:04:23,Terminal A - 4 ó 6,PORTAL 20 DE JULIO T9,2022-03-18T20:40:00Z,2022-03-18T01:00:00Z,2022-03-18T20:40:00Z
108,1,Habil,1432,01:05:39,01:01:36,01:07:42,Av. 1º de Mayo C - 3 ó 6,Terminal A - 4 ó 6,2022-03-18T01:00:00Z,2022-03-18T01:00:00Z,2022-03-18T20:30:00Z
108,1,Habil,1432,01:05:39,01:01:36,01:07:42,Av. 1º de Mayo C - 3 ó 6,Terminal A - 4 ó 6,2022-03-18T20:30:00Z,2022-03-18T01:00:00Z,2022-03-18T20:30:00Z
263,1,Habil,1072,00:25:40,00:22:47,00:27:00,PORTAL 20 DE JULIO T7,Museo Nacional B - 1 ó 5,2022-03-18T01:00:00Z,2022-03-18T01:00:00Z,2022-03-18T20:30:00Z
263,1,Habil,1072,00:25:40,00:22:47,00:27:00,PORTAL 20 DE JULIO T7,Museo Nacional B - 1 ó 5,2022-03-18T20:30:00Z,2022-03-18T01:00:00Z,2022-03-18T20:30:00Z
263,2,Habil,1072,00:24:21,00:22:26,00:25:40,Museo Nacional B - 1 ó 5,PORTAL 20 DE JULIO T7,2022-03-18T01:00:00Z,2022-03-18T01:00:00Z,2022-03-18T20:30:00Z
263,2,Habil,1072,00:24:21,00:22:26,00:25:40,Museo Nacional B - 1 ó 5,PORTAL 20 DE JULIO T7,2022-03-18T20:30:00Z,2022-03-18T01:00:00Z,2022-03-18T20:30:00Z
266,1,Habil,1522,00:15:19,00:14:25,00:15:59,Portal Américas T8,Banderas T8,2022-03-18T01:00:00Z,2022-03-18T01:00:00Z,2022-03-18T20:30:00Z
266,1,Habil,1522,00:15:19,00:14:25,00:15:59,Portal Américas T8,Banderas T8,2022-03-18T20:30:00Z,2022-03-18T01:00:00Z,2022-03-18T20:30:00Z
266,1,Habil,1522,00:15:19,00:14:25,00:15:59,Banderas T8,Calle 22 B - 4 ó 6,2022-03-18T01:00:00Z,2022-03-18T01:00:00Z,2022-03-18T20:30:00Z
266,1,Habil,1522,00:15:19,00:14:25,00:15:59,Banderas T8,Calle 22 B - 4 ó 6,2022-03-18T20:30:00Z,2022-03-18T01:00:00Z,2022-03-18T20:30:00Z
266,2,Habil,1522,00:40:45,00:37:31,00:43:20,Calle 22 B - 4 ó 6,Portal Américas T8,2022-03-18T01:00:00Z,2022-03-18T01:00:00Z,2022-03-18T20:40:00Z
266,2,Habil,1522,00:40:45,00:37:31,00:43:20,Calle 22 B - 4 ó 6,Portal Américas T8,2022-03-18T20:40:00Z,2022-03-18T01:00:00Z,2022-03-18T20:40:00Z
40,1,Habil,1492,0:40:08,0:36:27,0:41:50,Portal Américas T6,Aguas A - 2 ó 5,2022-03-18T01:00:00Z,2022-03-18T01:00:00Z,2022-03-18T20:30:00Z
40,1,Habil,1492,0:40:08,0:36:27,0:41:50,Portal Américas T6,Aguas A - 2 ó 5,2022-03-18T20:30:00Z,2022-03-18T01:00:00Z,2022-03-18T20:30:00Z
40,1,Habil,1493,00:32:13,00:30:29,00:33:14,Banderas T3,Aguas A - 2 ó 5,2022-03-18T01:00:00Z,2022-03-18T01:00:00Z,2022-03-18T20:30:00Z
40,1,Habil,1493,00:32:13,00:30:29,00:33:14,Banderas T3,Aguas A - 2 ó 5,2022-03-18T20:30:00Z,2022-03-18T01:00:00Z,2022-03-18T20:30:00Z
1,1,Habil,1426,0:28:57,0:27:34,0:30:02,Portal Tunal T6,Calle 76 A - 4 ó 6,2022-03-18T01:00:00Z,2022-03-18T01:00:00Z,2022-03-18T20:30:00Z
1,1,Habil,1426,0:28:57,0:27:34,0:30:02,Portal Tunal T6,Calle 76 A - 4 ó 6,2022-03-18T20:30:00Z,2022-03-18T01:00:00Z,2022-03-18T20:30:00Z
1,1,Habil,1426,0:28:57,0:27:34,0:30:02,Calle 76 A - 4 ó 6,Portal Suba T3,2022-03-18T01:00:00Z,2022-03-18T01:00:00Z,2022-03-18T20:30:00Z
1,1,Habil,1426,0:28:57,0:27:34,0:30:02,Calle 76 A - 4 ó 6,Portal Suba T3,2022-03-18T20:30:00Z,2022-03-18T01:00:00Z,2022-03-18T20:30:00Z
1,2,Habil,1426,0:15:14,0:14:23,0:16:01,Portal Suba T3,Calle 76 B - 2 ó 5,2022-03-18T01:00:00Z,2022-03-18T01:00:00Z,2022-03-18T20:30:00Z
1,2,Habil,1426,0:15:14,0:14:23,0:16:01,Portal Suba T3,Calle 76 B - 2 ó 5,2022-03-18T20:30:00Z,2022-03-18T01:00:00Z,2022-03-18T20:30:00Z
1,2,Habil,1426,0:15:14,0:14:23,0:16:01,Calle 76 B - 2 ó 5,Calle 22 A - 2 ó 5,2022-03-18T01:00:00Z,2022-03-18T01:00:00Z,2022-03-18T20:30:00Z
1,2,Habil,1426,0:15:14,0:14:23,0:16:01,Calle 76 B - 2 ó 5,Calle 22 A - 2 ó 5,2022-03-18T20:30:00Z,2022-03-18T01:00:00Z,2022-03-18T20:30:00Z
1,2,Habil,1426,0:15:14,0:14:23,0:16:01,Calle 22 A - 2 ó 5,Portal Tunal T6,2022-03-18T01:00:00Z,2022-03-18T01:00:00Z,2022-03-18T20:30:00Z
1,2,Habil,1426,0:15:14,0:14:23,0:16:01,Calle 22 A - 2 ó 5,Portal Tunal T6,2022-03-18T20:30:00Z,2022-03-18T01:00:00Z,2022-03-18T20:30:00Z
1,1,Habil,1427,0:28:00,0:27:00,0:28:45,Portal Tunal T6,Calle 76 A - 4 ó 6,2022-03-18T01:00:00Z,2022-03-18T01:00:00Z,2022-03-18T20:30:00Z
1,1,Habil,1427,0:28:00,0:27:00,0:28:45,Portal Tunal T6,Calle 76 A - 4 ó 6,2022-03-18T20:30:00Z,2022-03-18T01:00:00Z,2022-03-18T20:30:00Z
1,1,Habil,1427,0:28:00,0:27:00,0:28:45,Calle 76 A - 4 ó 6,Portal Suba T3,2022-03-18T01:00:00Z,2022-03-18T01:00:00Z,2022-03-18T20:30:00Z
1,1,Habil,1427,0:28:00,0:27:00,0:28:45,Calle 76 A - 4 ó 6,Portal Suba T3,2022-03-18T20:30:00Z,2022-03-18T01:00:00Z,2022-03-18T20:30:00Z
1,2,Habil,1427,0:15:15,0:14:15,0:15:45,Portal Suba T3,Calle 76 B - 2 ó 5,2022-03-18T01:00:00Z,2022-03-18T01:00:00Z,2022-03-18T20:30:00Z
1,2,Habil,1427,0:15:15,0:14:15,0:15:45,Portal Suba T3,Calle 76 B - 2 ó 5,2022-03-18T20:30:00Z,2022-03-18T01:00:00Z,2022-03-18T20:30:00Z
1,2,Habil,1427,0:15:15,0:14:15,0:15:45,Calle 76 B - 2 ó 5,Calle 22 A - 2 ó 5,2022-03-18T01:00:00Z,2022-03-18T01:00:00Z,2022-03-18T20:30:00Z
1,2,Habil,1427,0:15:15,0:14:15,0:15:45,Calle 76 B - 2 ó 5,Calle 22 A - 2 ó 5,2022-03-18T20:30:00Z,2022-03-18T01:00:00Z,2022-03-18T20:30:00Z
1,2,Habil,1427,0:15:15,0:14:15,0:15:45,Calle 22 A - 2 ó 5,Portal Tunal T6,2022-03-18T01:00:00Z,2022-03-18T01:00:00Z,2022-03-18T20:30:00Z
1,2,Habil,1427,0:15:15,0:14:15,0:15:45,Calle 22 A - 2 ó 5,Portal Tunal T6,2022-03-18T20:30:00Z,2022-03-18T01:00:00Z,2022-03-18T20:30:00Z
6,2,Habil,1379,0:19:36,0:18:36,0:20:32,Portal Norte T1,Calle 106 B - 2 ó 5,2022-03-18T01:00:00Z,2022-03-18T01:00:00Z,2022-03-18T20:30:00Z
6,2,Habil,1379,0:19:36,0:18:36,0:20:32,Portal Norte T1,Calle 106 B - 2 ó 5,2022-03-18T20:30:00Z,2022-03-18T01:00:00Z,2022-03-18T20:30:00Z
6,2,Habil,1379,0:19:36,0:18:36,0:20:32,Calle 106 B - 2 ó 5,Portal 80 T-2,2022-03-18T01:00:00Z,2022-03-18T01:00:00Z,2022-03-18T20:30:00Z
6,2,Habil,1379,0:19:36,0:18:36,0:20:32,Calle 106 B - 2 ó 5,Portal 80 T-2,2022-03-18T20:30:00Z,2022-03-18T01:00:00Z,2022-03-18T20:30:00Z
8,1,Habil,1496,0:14:17,0:13:40,0:14:37,Portal Tunal T1,Quiroga A - 3,2022-03-18T01:00:00Z,2022-03-18T01:00:00Z,2022-03-18T20:30:00Z
8,1,Habil,1496,0:14:17,0:13:40,0:14:37,Portal Tunal T1,Quiroga A - 3,2022-03-18T20:30:00Z,2022-03-18T01:00:00Z,2022-03-18T20:30:00Z
8,1,Habil,1496,0:14:17,0:13:40,0:14:37,Quiroga A - 3,Portal Norte T5A,2022-03-18T01:00:00Z,2022-03-18T01:00:00Z,2022-03-18T20:30:00Z
8,1,Habil,1496,0:14:17,0:13:40,0:14:37,Quiroga A - 3,Portal Norte T5A,2022-03-18T20:30:00Z,2022-03-18T01:00:00Z,2022-03-18T20:30:00Z
8,2,Habil,1496,0:18:30,0:17:28,0:19:09,Portal Norte T5A,Calle 106 A - 2 ó 5,2022-03-18T01:00:00Z,2022-03-18T01:00:00Z,2022-03-18T20:30:00Z
8,2,Habil,1496,0:18:30,0:17:28,0:19:09,Portal Norte T5A,Calle 106 A - 2 ó 5,2022-03-18T20:30:00Z,2022-03-18T01:00:00Z,2022-03-18T20:30:00Z
8,2,Habil,1496,0:18:30,0:17:28,0:19:09,Calle 106 A - 2 ó 5,Portal Tunal T1,2022-03-18T01:00:00Z,2022-03-18T01:00:00Z,2022-03-18T20:30:00Z
8,2,Habil,1496,0:18:30,0:17:28,0:19:09,Calle 106 A - 2 ó 5,Portal Tunal T1,2022-03-18T20:30:00Z,2022-03-18T01:00:00Z,2022-03-18T20:30:00Z
9,1,Habil,1524,0:02:00,0:01:26,0:02:00,Portal Américas T2 A,Tv. 86 B - 2 ó 5,2022-03-18T01:00:00Z,2022-03-18T01:00:00Z,2022-03-18T20:30:00Z
9,1,Habil,1524,0:02:00,0:01:26,0:02:00,Portal Américas T2 A,Tv. 86 B - 2 ó 5,2022-03-18T20:30:00Z,2022-03-18T01:00:00Z,2022-03-18T20:30:00Z
9,1,Habil,1524,0:02:00,0:01:26,0:02:00,Tv. 86 B - 2 ó 5,Banderas T8,2022-03-18T01:00:00Z,2022-03-18T01:00:00Z,2022-03-18T20:30:00Z
9,1,Habil,1524,0:02:00,0:01:26,0:02:00,Tv. 86 B - 2 ó 5,Banderas T8,2022-03-18T20:30:00Z,2022-03-18T01:00:00Z,2022-03-18T20:30:00Z
9,1,Habil,1524,0:02:00,0:01:26,0:02:00,Banderas T8,Portal Norte T2A,2022-03-18T01:00:00Z,2022-03-18T01:00:00Z,2022-03-18T20:30:00Z
9,1,Habil,1524,0:02:00,0:01:26,0:02:00,Banderas T8,Portal Norte T2A,2022-03-18T20:30:00Z,2022-03-18T01:00:00Z,2022-03-18T20:30:00Z
9,2,Habil,1524,0:21:21,0:20:13,0:21:56,Portal Norte T2A,Calle 100 B - 2 ó 5,2022-03-18T01:00:00Z,2022-03-18T01:00:00Z,2022-03-18T20:30:00Z
9,2,Habil,1524,0:21:21,0:20:13,0:21:56,Portal Norte T2A,Calle 100 B - 2 ó 5,2022-03-18T20:30:00Z,2022-03-18T01:00:00Z,2022-03-18T20:30:00Z
9,2,Habil,1524,0:21:21,0:20:13,0:21:56,Calle 100 B - 2 ó 5,Portal Américas T2 A,2022-03-18T01:00:00Z,2022-03-18T01:00:00Z,2022-03-18T20:30:00Z
9,2,Habil,1524,0:21:21,0:20:13,0:21:56,Calle 100 B - 2 ó 5,Portal Américas T2 A,2022-03-18T20:30:00Z,2022-03-18T01:00:00Z,2022-03-18T20:30:00Z
10,1,Habil,1482,0:50:20,0:46:58,0:51:55,Portal Eldorado T-2,Terminal A - 4 ó 6,2022-03-18T01:00:00Z,2022-03-18T01:00:00Z,2022-03-18T20:30:00Z
10,1,Habil,1482,0:50:20,0:46:58,0:51:55,Portal Eldorado T-2,Terminal A - 4 ó 6,2022-03-18T20:30:00Z,2022-03-18T01:00:00Z,2022-03-18T20:30:00Z
10,2,Habil,1482,0:08:15,0:07:45,0:08:30,Terminal A - 4 ó 6,Toberín A - 2 ó 5,2022-03-18T01:00:00Z,2022-03-18T01:00:00Z,2022-03-18T20:30:00Z
10,2,Habil,1482,0:08:15,0:07:45,0:08:30,Terminal A - 4 ó 6,Toberín A - 2 ó 5,2022-03-18T20:30:00Z,2022-03-18T01:00:00Z,2022-03-18T20:30:00Z
10,2,Habil,1482,0:08:15,0:07:45,0:08:30,Toberín A - 2 ó 5,Portal Eldorado T-2,2022-03-18T01:00:00Z,2022-03-18T01:00:00Z,2022-03-18T20:30:00Z
10,2,Habil,1482,0:08:15,0:07:45,0:08:30,Toberín A - 2 ó 5,Portal Eldorado T-2,2022-03-18T20:30:00Z,2022-03-18T01:00:00Z,2022-03-18T20:30:00Z
11,1,Habil,1462,1:08:02,1:04:28,1:09:26,Portal Tunal T2,Portal Norte T5A,2022-03-18T01:00:00Z,2022-03-18T01:00:00Z,2022-03-18T20:30:00Z
11,1,Habil,1462,1:08:02,1:04:28,1:09:26,Portal Tunal T2,Portal Norte T5A,2022-03-18T20:30:00Z,2022-03-18T01:00:00Z,2022-03-18T20:30:00Z
11,2,Habil,1462,1:12:46,1:08:00,1:14:30,Portal Norte T5A,Portal Tunal T2,2022-03-18T01:00:00Z,2022-03-18T01:00:00Z,2022-03-18T20:30:00Z
11,2,Habil,1462,1:12:46,1:08:00,1:14:30,Portal Norte T5A,Portal Tunal T2,2022-03-18T20:30:00Z,2022-03-18T01:00:00Z,2022-03-18T20:30:00Z
12,2,Habil,1487,0:17:21,0:16:43,0:17:54,Portal Norte T2B,Calle 106 B - 1,2022-03-18T01:00:00Z,2022-03-18T01:00:00Z,2022-03-18T20:30:00Z
12,2,Habil,1487,0:17:21,0:16:43,0:17:54,Portal Norte T2B,Calle 106 B - 1,2022-03-18T20:30:00Z,2022-03-18T01:00:00Z,2022-03-18T20:30:00Z
12,2,Habil,1487,0:17:21,0:16:43,0:17:54,Calle 106 B - 1,Portal Américas T3,2022-03-18T01:00:00Z,2022-03-18T01:00:00Z,2022-03-18T20:30:00Z
12,2,Habil,1487,0:17:21,0:16:43,0:17:54,Calle 106 B - 1,Portal Américas T3,2022-03-18T20:30:00Z,2022-03-18T01:00:00Z,2022-03-18T20:30:00Z
15,1,Habil,1488,1:10:45,1:07:45,1:14:15,Portal Américas T2 B,Alcalá C - 4 ó 6,2022-03-18T01:00:00Z,2022-03-18T01:00:00Z,2022-03-18T20:30:00Z
15,1,Habil,1488,1:10:45,1:07:45,1:14:15,Portal Américas T2 B,Alcalá C - 4 ó 6,2022-03-18T20:30:00Z,2022-03-18T01:00:00Z,2022-03-18T20:30:00Z
21,1,Habil,1415,0:48:32,0:44:31,0:51:20,Aguas A - 2 ó 5,Portal Norte T1,2022-03-18T01:00:00Z,2022-03-18T01:00:00Z,2022-03-18T20:30:00Z
21,1,Habil,1415,0:48:32,0:44:31,0:51:20,Aguas A - 2 ó 5,Portal Norte T1,2022-03-18T20:30:00Z,2022-03-18T01:00:00Z,2022-03-18T20:30:00Z
21,2,Habil,1415,0:50:40,0:47:35,0:52:14,Portal Norte T1,Aguas A - 2 ó 5,2022-03-18T01:00:00Z,2022-03-18T01:00:00Z,2022-03-18T20:30:00Z
21,2,Habil,1415,0:50:40,0:47:35,0:52:14,Portal Norte T1,Aguas A - 2 ó 5,2022-03-18T20:30:00Z,2022-03-18T01:00:00Z,2022-03-18T20:30:00Z
21,1,Habil,1416,0:45:39,0:43:21,0:47:22,Universidades B - 4 ó 6,Portal Norte T1,2022-03-18T01:00:00Z,2022-03-18T01:00:00Z,2022-03-18T20:30:00Z
21,1,Habil,1416,0:45:39,0:43:21,0:47:22,Universidades B - 4 ó 6,Portal Norte T1,2022-03-18T20:30:00Z,2022-03-18T01:00:00Z,2022-03-18T20:30:00Z
21,1,Habil,1417,0:43:32,0:41:21,0:45:05,Portal Norte T1,Universidades B - 2 ó 5,2022-03-18T01:00:00Z,2022-03-18T01:00:00Z,2022-03-18T20:30:00Z
21,1,Habil,1417,0:43:32,0:41:21,0:45:05,Portal Norte T1,Universidades B - 2 ó 5,2022-03-18T20:30:00Z,2022-03-18T01:00:00Z,2022-03-18T20:30:00Z
26,1,Habil,1498,0:29:55,0:29:05,0:30:31,Portal Usme T4,Calle 76 A - 4 ó 6,2022-03-18T01:00:00Z,2022-03-18T01:00:00Z,2022-03-18T20:30:00Z
26,1,Habil,1498,0:29:55,0:29:05,0:30:31,Portal Usme T4,Calle 76 A - 4 ó 6,2022-03-18T20:30:00Z,2022-03-18T01:00:00Z,2022-03-18T20:30:00Z
26,1,Habil,1498,0:29:55,0:29:05,0:30:31,Calle 76 A - 4 ó 6,Portal Suba T4,2022-03-18T01:00:00Z,2022-03-18T01:00:00Z,2022-03-18T20:30:00Z
26,1,Habil,1498,0:29:55,0:29:05,0:30:31,Calle 76 A - 4 ó 6,Portal Suba T4,2022-03-18T20:30:00Z,2022-03-18T01:00:00Z,2022-03-18T20:30:00Z
26,2,Habil,1498,01:26:22,01:22:07,01:30:37,Portal Suba T4,Portal Usme T4,2022-03-18T01:00:00Z,2022-03-18T01:00:00Z,2022-03-18T20:30:00Z
26,2,Habil,1498,01:26:22,01:22:07,01:30:37,Portal Suba T4,Portal Usme T4,2022-03-18T20:30:00Z,2022-03-18T01:00:00Z,2022-03-18T20:30:00Z
28,1,Habil,1500,0:05:21,0:05:15,0:05:24,Portal Suba T1,La Campiña B - 1 ó 5,2022-03-18T01:00:00Z,2022-03-18T01:00:00Z,2022-03-18T20:30:00Z
28,1,Habil,1500,0:05:21,0:05:15,0:05:24,Portal Suba T1,La Campiña B - 1 ó 5,2022-03-18T20:30:00Z,2022-03-18T01:00:00Z,2022-03-18T20:30:00Z
28,1,Habil,1500,0:05:21,0:05:15,0:05:24,La Campiña B - 1 ó 5,Portal Sur T1,2022-03-18T01:00:00Z,2022-03-18T01:00:00Z,2022-03-18T20:30:00Z
28,1,Habil,1500,0:05:21,0:05:15,0:05:24,La Campiña B - 1 ó 5,Portal Sur T1,2022-03-18T20:30:00Z,2022-03-18T01:00:00Z,2022-03-18T20:30:00Z
28,2,Habil,1500,0:12:05,0:11:38,0:12:23,Portal Sur T1,G. Santander B - 4 ó 6,2022-03-18T01:00:00Z,2022-03-18T01:00:00Z,2022-03-18T20:30:00Z
28,2,Habil,1500,0:12:05,0:11:38,0:12:23,Portal Sur T1,G. Santander B - 4 ó 6,2022-03-18T20:30:00Z,2022-03-18T01:00:00Z,2022-03-18T20:30:00Z
28,2,Habil,1500,0:12:05,0:11:38,0:12:23,G. Santander B - 4 ó 6,CAD A - 4 ó 6,2022-03-18T01:00:00Z,2022-03-18T01:00:00Z,2022-03-18T20:30:00Z
28,2,Habil,1500,0:12:05,0:11:38,0:12:23,G. Santander B - 4 ó 6,CAD A - 4 ó 6,2022-03-18T20:30:00Z,2022-03-18T01:00:00Z,2022-03-18T20:30:00Z
28,2,Habil,1500,0:12:05,0:11:38,0:12:23,CAD A - 4 ó 6,Portal Suba T1,2022-03-18T01:00:00Z,2022-03-18T01:00:00Z,2022-03-18T20:30:00Z
28,2,Habil,1500,0:12:05,0:11:38,0:12:23,CAD A - 4 ó 6,Portal Suba T1,2022-03-18T20:30:00Z,2022-03-18T01:00:00Z,2022-03-18T20:30:00Z
32,1,Habil,1501,01:14:04,01:10:04,01:16:04,Portal Usme T1B,Portal 80 T-1B,2022-03-18T01:00:00Z,2022-03-18T01:00:00Z,2022-03-18T20:30:00Z
32,1,Habil,1501,01:14:04,01:10:04,01:16:04,Portal Usme T1B,Portal 80 T-1B,2022-03-18T20:30:00Z,2022-03-18T01:00:00Z,2022-03-18T20:30:00Z
32,2,Habil,1501,01:11:21,01:07:36,01:15:06,Portal 80 T-1B,Portal Usme T1B,2022-03-18T01:00:00Z,2022-03-18T01:00:00Z,2022-03-18T20:30:00Z
32,2,Habil,1501,01:11:21,01:07:36,01:15:06,Portal 80 T-1B,Portal Usme T1B,2022-03-18T20:30:00Z,2022-03-18T01:00:00Z,2022-03-18T20:30:00Z
33,1,Habil,1447,0:24:00,0:22:37,0:24:33,Portal Sur T7,Ricaurte C - 4 ó 6,2022-03-18T01:00:00Z,2022-03-18T01:00:00Z,2022-03-18T20:30:00Z
33,1,Habil,1447,0:24:00,0:22:37,0:24:33,Portal Sur T7,Ricaurte C - 4 ó 6,2022-03-18T20:30:00Z,2022-03-18T01:00:00Z,2022-03-18T20:30:00Z
33,1,Habil,1447,0:24:00,0:22:37,0:24:33,Ricaurte C - 4 ó 6,Portal 80 T-3,2022-03-18T01:00:00Z,2022-03-18T01:00:00Z,2022-03-18T20:30:00Z
33,1,Habil,1447,0:24:00,0:22:37,0:24:33,Ricaurte C - 4 ó 6,Portal 80 T-3,2022-03-18T20:30:00Z,2022-03-18T01:00:00Z,2022-03-18T20:30:00Z
33,2,Habil,1447,0:07:57,0:07:36,0:08:09,Portal 80 T-3,Granja - Cra. 77 D - 2 ó 5,2022-03-18T01:00:00Z,2022-03-18T01:00:00Z,2022-03-18T20:30:00Z
33,2,Habil,1447,0:07:57,0:07:36,0:08:09,Portal 80 T-3,Granja - Cra. 77 D - 2 ó 5,2022-03-18T20:30:00Z,2022-03-18T01:00:00Z,2022-03-18T20:30:00Z
33,2,Habil,1447,0:07:57,0:07:36,0:08:09,Granja - Cra. 77 D - 2 ó 5,Portal Sur T7,2022-03-18T01:00:00Z,2022-03-18T01:00:00Z,2022-03-18T20:30:00Z
33,2,Habil,1447,0:07:57,0:07:36,0:08:09,Granja - Cra. 77 D - 2 ó 5,Portal Sur T7,2022-03-18T20:30:00Z,2022-03-18T01:00:00Z,2022-03-18T20:30:00Z
41,1,Habil,1139,1:11:06,1:07:33,1:14:39,Portal Américas T7,Granja - Cra. 77 D - 4 ó 6,2022-03-18T01:00:00Z,2022-03-18T01:00:00Z,2022-03-18T20:30:00Z
41,1,Habil,1139,1:11:06,1:07:33,1:14:39,Portal Américas T7,Granja - Cra. 77 D - 4 ó 6,2022-03-18T20:30:00Z,2022-03-18T01:00:00Z,2022-03-18T20:30:00Z
43,1,Habil,1456,1:09:40,1:05:39,1:11:00,Portal Sur T5,Terminal A - 3,2022-03-18T01:00:00Z,2022-03-18T01:00:00Z,2022-03-18T20:30:00Z
43,1,Habil,1456,1:09:40,1:05:39,1:11:00,Portal Sur T5,Terminal A - 3,2022-03-18T20:30:00Z,2022-03-18T01:00:00Z,2022-03-18T20:30:00Z
43,2,Habil,1456,0:09:30,0:09:10,0:09:46,Terminal A - 3,Toberín B - 2 ó 5,2022-03-18T01:00:00Z,2022-03-18T01:00:00Z,2022-03-18T20:30:00Z
43,2,Habil,1456,0:09:30,0:09:10,0:09:46,Terminal A - 3,Toberín B - 2 ó 5,2022-03-18T20:30:00Z,2022-03-18T01:00:00Z,2022-03-18T20:30:00Z
43,2,Habil,1456,0:09:30,0:09:10,0:09:46,Toberín B - 2 ó 5,Héroes C - 1,2022-03-18T01:00:00Z,2022-03-18T01:00:00Z,2022-03-18T20:30:00Z
43,2,Habil,1456,0:09:30,0:09:10,0:09:46,Toberín B - 2 ó 5,Héroes C - 1,2022-03-18T20:30:00Z,2022-03-18T01:00:00Z,2022-03-18T20:30:00Z
43,2,Habil,1456,0:09:30,0:09:10,0:09:46,Héroes C - 1,Portal Sur T5,2022-03-18T01:00:00Z,2022-03-18T01:00:00Z,2022-03-18T20:30:00Z
43,2,Habil,1456,0:09:30,0:09:10,0:09:46,Héroes C - 1,Portal Sur T5,2022-03-18T20:30:00Z,2022-03-18T01:00:00Z,2022-03-18T20:30:00Z
50,1,Habil,1251,0:46:56,0:43:30,0:49:17,Toberín E - 1,Movistar Arena A - 2,2022-03-18T01:00:00Z,2022-03-18T01:00:00Z,2022-03-18T20:30:00Z
50,1,Habil,1251,0:46:56,0:43:30,0:49:17,Toberín E - 1,Movistar Arena A - 2,2022-03-18T20:30:00Z,2022-03-18T01:00:00Z,2022-03-18T20:30:00Z
50,1,Habil,1251,0:46:56,0:43:30,0:49:17,Movistar Arena A - 2,Portal Usme T5,2022-03-18T01:00:00Z,2022-03-18T01:00:00Z,2022-03-18T20:30:00Z
50,1,Habil,1251,0:46:56,0:43:30,0:49:17,Movistar Arena A - 2,Portal Usme T5,2022-03-18T20:30:00Z,2022-03-18T01:00:00Z,2022-03-18T20:30:00Z
50,1,Habil,1469,0:53:51,0:50:00,0:56:58,Portal Usme T5,Molinos B - 3,2022-03-18T01:00:00Z,2022-03-18T01:00:00Z,2022-03-18T20:30:00Z
50,1,Habil,1469,0:53:51,0:50:00,0:56:58,Portal Usme T5,Molinos B - 3,2022-03-18T20:30:00Z,2022-03-18T01:00:00Z,2022-03-18T20:30:00Z
50,1,Habil,1469,0:53:51,0:50:00,0:56:58,Molinos B - 3,Toberín B - 4 ó 6,2022-03-18T01:00:00Z,2022-03-18T01:00:00Z,2022-03-18T20:30:00Z
50,1,Habil,1469,0:53:51,0:50:00,0:56:58,Molinos B - 3,Toberín B - 4 ó 6,2022-03-18T20:30:00Z,2022-03-18T01:00:00Z,2022-03-18T20:30:00Z
51,1,Habil,1471,1:14:21,1:09:16,1:18:04,Toberín E - 1,Portal Tunal T5,2022-03-18T01:00:00Z,2022-03-18T01:00:00Z,2022-03-18T20:30:00Z
51,1,Habil,1471,1:14:21,1:09:16,1:18:04,Toberín E - 1,Portal Tunal T5,2022-03-18T20:30:00Z,2022-03-18T01:00:00Z,2022-03-18T20:30:00Z
52,1,Habil,1503,0:18:32,0:17:08,0:19:15,Portal Norte T5B,Héroes B - 2,2022-03-18T01:00:00Z,2022-03-18T01:00:00Z,2022-03-18T20:30:00Z
52,1,Habil,1503,0:18:32,0:17:08,0:19:15,Portal Norte T5B,Héroes B - 2,2022-03-18T20:30:00Z,2022-03-18T01:00:00Z,2022-03-18T20:30:00Z
52,1,Habil,1503,0:18:32,0:17:08,0:19:15,Héroes B - 2,Av. Jiménez B - 2 ó 5,2022-03-18T01:00:00Z,2022-03-18T01:00:00Z,2022-03-18T20:30:00Z
52,1,Habil,1503,0:18:32,0:17:08,0:19:15,Héroes B - 2,Av. Jiménez B - 2 ó 5,2022-03-18T20:30:00Z,2022-03-18T01:00:00Z,2022-03-18T20:30:00Z
52,1,Habil,1503,0:18:32,0:17:08,0:19:15,Av. Jiménez B - 2 ó 5,Portal Usme T6,2022-03-18T01:00:00Z,2022-03-18T01:00:00Z,2022-03-18T20:30:00Z
52,1,Habil,1503,0:18:32,0:17:08,0:19:15,Av. Jiménez B - 2 ó 5,Portal Usme T6,2022-03-18T20:30:00Z,2022-03-18T01:00:00Z,2022-03-18T20:30:00Z
52,2,Habil,1503,0:21:26,0:20:12,0:22:00,Portal Usme T6,Molinos B - 4 ó 6,2022-03-18T01:00:00Z,2022-03-18T01:00:00Z,2022-03-18T20:30:00Z
52,2,Habil,1503,0:21:26,0:20:12,0:22:00,Portal Usme T6,Molinos B - 4 ó 6,2022-03-18T20:30:00Z,2022-03-18T01:00:00Z,2022-03-18T20:30:00Z
52,2,Habil,1503,0:21:26,0:20:12,0:22:00,Molinos B - 4 ó 6,Calle 72 C - 3,2022-03-18T01:00:00Z,2022-03-18T01:00:00Z,2022-03-18T20:30:00Z
52,2,Habil,1503,0:21:26,0:20:12,0:22:00,Molinos B - 4 ó 6,Calle 72 C - 3,2022-03-18T20:30:00Z,2022-03-18T01:00:00Z,2022-03-18T20:30:00Z
52,2,Habil,1503,0:21:26,0:20:12,0:22:00,Calle 72 C - 3,Portal Norte T5B,2022-03-18T01:00:00Z,2022-03-18T01:00:00Z,2022-03-18T20:30:00Z
52,2,Habil,1503,0:21:26,0:20:12,0:22:00,Calle 72 C - 3,Portal Norte T5B,2022-03-18T20:30:00Z,2022-03-18T01:00:00Z,2022-03-18T20:30:00Z
53,1,Habil,1425,0:40:42,0:36:26,0:42:40,Universidades B - 4 ó 6,Portal 80 T-2,2022-03-18T01:00:00Z,2022-03-18T01:00:00Z,2022-03-18T20:30:00Z
53,1,Habil,1425,0:40:42,0:36:26,0:42:40,Universidades B - 4 ó 6,Portal 80 T-2,2022-03-18T20:30:00Z,2022-03-18T01:00:00Z,2022-03-18T20:30:00Z
53,2,Habil,1425,0:08:57,0:08:37,0:09:15,Portal 80 T-2,Granja - Cra. 77 D - 2 ó 5,2022-03-18T01:00:00Z,2022-03-18T01:00:00Z,2022-03-18T20:30:00Z
53,2,Habil,1425,0:08:57,0:08:37,0:09:15,Portal 80 T-2,Granja - Cra. 77 D - 2 ó 5,2022-03-18T20:30:00Z,2022-03-18T01:00:00Z,2022-03-18T20:30:00Z
53,2,Habil,1425,0:08:57,0:08:37,0:09:15,Granja - Cra. 77 D - 2 ó 5,Universidades A - 2 ó 5,2022-03-18T01:00:00Z,2022-03-18T01:00:00Z,2022-03-18T20:30:00Z
53,2,Habil,1425,0:08:57,0:08:37,0:09:15,Granja - Cra. 77 D - 2 ó 5,Universidades A - 2 ó 5,2022-03-18T20:30:00Z,2022-03-18T01:00:00Z,2022-03-18T20:30:00Z
55,1,Habil,1422,0:06:58,0:06:44,0:07:06,Portal Suba T7,La Campiña B - 1 ó 5,2022-03-18T01:00:00Z,2022-03-18T01:00:00Z,2022-03-18T20:30:00Z
55,1,Habil,1422,0:06:58,0:06:44,0:07:06,Portal Suba T7,La Campiña B - 1 ó 5,2022-03-18T20:30:00Z,2022-03-18T01:00:00Z,2022-03-18T20:30:00Z
55,1,Habil,1422,0:06:58,0:06:44,0:07:06,La Campiña B - 1 ó 5,Universidades A - 2 ó 5,2022-03-18T01:00:00Z,2022-03-18T01:00:00Z,2022-03-18T20:30:00Z
55,1,Habil,1422,0:06:58,0:06:44,0:07:06,La Campiña B - 1 ó 5,Universidades A - 2 ó 5,2022-03-18T20:30:00Z,2022-03-18T01:00:00Z,2022-03-18T20:30:00Z
55,1,Habil,1423,0:48:22,0:45:22,0:50:20,Universidades A - 4 ó 6,Portal Suba T7,2022-03-18T01:00:00Z,2022-03-18T01:00:00Z,2022-03-18T20:30:00Z
55,1,Habil,1423,0:48:22,0:45:22,0:50:20,Universidades A - 4 ó 6,Portal Suba T7,2022-03-18T20:30:00Z,2022-03-18T01:00:00Z,2022-03-18T20:30:00Z
109,1,Habil,1429,0:47:52,0:44:31,0:50:23,Portal Eldorado T-3B,Alcalá B - 4 ó 6,2022-03-18T01:00:00Z,2022-03-18T01:00:00Z,2022-03-18T20:30:00Z
109,1,Habil,1429,0:47:52,0:44:31,0:50:23,Portal Eldorado T-3B,Alcalá B - 4 ó 6,2022-03-18T20:30:00Z,2022-03-18T01:00:00Z,2022-03-18T20:30:00Z
111,2,Habil,1414,0:42:33,0:40:25,0:44:41,Museo Nacional A - 3 ó 6,Portal Américas T4,2022-03-18T01:00:00Z,2022-03-18T01:00:00Z,2022-03-18T20:30:00Z
111,2,Habil,1414,0:42:33,0:40:25,0:44:41,Museo Nacional A - 3 ó 6,Portal Américas T4,2022-03-18T20:30:00Z,2022-03-18T01:00:00Z,2022-03-18T20:30:00Z
203,1,Habil,1457,0:40:40,0:36:45,0:42:45,Portal Sur T9,Museo Nacional A - 2 ó 5,2022-03-18T01:00:00Z,2022-03-18T01:00:00Z,2022-03-18T20:30:00Z
203,1,Habil,1457,0:40:40,0:36:45,0:42:45,Portal Sur T9,Museo Nacional A - 2 ó 5,2022-03-18T20:30:00Z,2022-03-18T01:00:00Z,2022-03-18T20:30:00Z
203,2,Habil,1457,0:09:30,0:06:30,0:10:00,Museo Nacional A - 2 ó 5,Las Nieves A - 1,2022-03-18T01:00:00Z,2022-03-18T01:00:00Z,2022-03-18T20:30:00Z
203,2,Habil,1457,0:09:30,0:06:30,0:10:00,Museo Nacional A - 2 ó 5,Las Nieves A - 1,2022-03-18T20:30:00Z,2022-03-18T01:00:00Z,2022-03-18T20:30:00Z
203,2,Habil,1457,0:09:30,0:06:30,0:10:00,Las Nieves A - 1,Portal Sur T9,2022-03-18T01:00:00Z,2022-03-18T01:00:00Z,2022-03-18T20:30:00Z
203,2,Habil,1457,0:09:30,0:06:30,0:10:00,Las Nieves A - 1,Portal Sur T9,2022-03-18T20:30:00Z,2022-03-18T01:00:00Z,2022-03-18T20:30:00Z
265,1,Habil,1477,0:53:49,0:51:08,0:56:31,Portal Sur T2,Héroes A - 4 ó 6,2022-03-18T01:00:00Z,2022-03-18T01:00:00Z,2022-03-18T20:30:00Z
265,1,Habil,1477,0:53:49,0:51:08,0:56:31,Portal Sur T2,Héroes A - 4 ó 6,2022-03-18T20:30:00Z,2022-03-18T01:00:00Z,2022-03-18T20:30:00Z
265,2,Habil,1477,0:25:59,0:24:15,0:26:53,Héroes A - 4 ó 6,Ricaurte A - 1,2022-03-18T01:00:00Z,2022-03-18T01:00:00Z,2022-03-18T20:30:00Z
265,2,Habil,1477,0:25:59,0:24:15,0:26:53,Héroes A - 4 ó 6,Ricaurte A - 1,2022-03-18T20:30:00Z,2022-03-18T01:00:00Z,2022-03-18T20:30:00Z
265,2,Habil,1477,0:25:59,0:24:15,0:26:53,Ricaurte A - 1,Portal Sur T2,2022-03-18T01:00:00Z,2022-03-18T01:00:00Z,2022-03-18T20:30:00Z
265,2,Habil,1477,0:25:59,0:24:15,0:26:53,Ricaurte A - 1,Portal Sur T2,2022-03-18T20:30:00Z,2022-03-18T01:00:00Z,2022-03-18T20:30:00Z
269,1,Habil,1463,0:26:41,0:24:52,0:27:50,Terminal A - 1,Calle 76 C - 2,2022-03-18T01:00:00Z,2022-03-18T01:00:00Z,2022-03-18T20:30:00Z
269,1,Habil,1463,0:26:41,0:24:52,0:27:50,Terminal A - 1,Calle 76 C - 2,2022-03-18T20:30:00Z,2022-03-18T01:00:00Z,2022-03-18T20:30:00Z
269,1,Habil,1463,0:26:41,0:24:52,0:27:50,Calle 76 C - 2,Guatoque - Veraguas A - 3 ó 6,2022-03-18T01:00:00Z,2022-03-18T01:00:00Z,2022-03-18T20:30:00Z
269,1,Habil,1463,0:26:41,0:24:52,0:27:50,Calle 76 C - 2,Guatoque - Veraguas A - 3 ó 6,2022-03-18T20:30:00Z,2022-03-18T01:00:00Z,2022-03-18T20:30:00Z
333,1,Habil,1521,1:02:00,0:58:45,1:04:15,PORTAL 20 DE JULIO T4,Portal Suba T7,2022-03-18T01:00:00Z,2022-03-18T01:00:00Z,2022-03-18T20:30:00Z
333,1,Habil,1521,1:02:00,0:58:45,1:04:15,PORTAL 20 DE JULIO T4,Portal Suba T7,2022-03-18T20:30:00Z,2022-03-18T01:00:00Z,2022-03-18T20:30:00Z
333,2,Habil,1521,1:01:21,0:58:17,1:04:25,Portal Suba T7,PORTAL 20 DE JULIO T4,2022-03-18T01:00:00Z,2022-03-18T01:00:00Z,2022-03-18T20:30:00Z
333,2,Habil,1521,1:01:21,0:58:17,1:04:25,Portal Suba T7,PORTAL 20 DE JULIO T4,2022-03-18T20:30:00Z,2022-03-18T01:00:00Z,2022-03-18T20:30:00Z
7,1,Habil,1460,0:56:51,0:53:44,0:58:28,G. Santander A - 2 ó 5,Portal Norte T4,2022-03-18T01:00:00Z,2022-03-18T01:00:00Z,2022-03-18T20:30:00Z
7,1,Habil,1460,0:56:51,0:53:44,0:58:28,G. Santander A - 2 ó 5,Portal Norte T4,2022-03-18T20:30:00Z,2022-03-18T01:00:00Z,2022-03-18T20:30:00Z
7,2,Habil,1460,0:51:22,0:48:57,0:52:07,Portal Norte T4,G. Santander A - 2 ó 5,2022-03-18T01:00:00Z,2022-03-18T01:00:00Z,2022-03-18T20:30:00Z
7,2,Habil,1460,0:51:22,0:48:57,0:52:07,Portal Norte T4,G. Santander A - 2 ó 5,2022-03-18T20:30:00Z,2022-03-18T01:00:00Z,2022-03-18T20:30:00Z
7,1,Habil,1459,00:57:40,00:53:10,01:00:04,Portal Sur T3,Portal Norte T4,2022-03-18T01:00:00Z,2022-03-18T01:00:00Z,2022-03-18T20:30:00Z
7,1,Habil,1459,00:57:40,00:53:10,01:00:04,Portal Sur T3,Portal Norte T4,2022-03-18T20:30:00Z,2022-03-18T01:00:00Z,2022-03-18T20:30:00Z
7,2,Habil,1459,0:20:12,0:19:10,0:20:42,Portal Norte T4,Calle 100 A - 2 ó 5,2022-03-18T01:00:00Z,2022-03-18T01:00:00Z,2022-03-18T20:30:00Z
7,2,Habil,1459,0:20:12,0:19:10,0:20:42,Portal Norte T4,Calle 100 A - 2 ó 5,2022-03-18T20:30:00Z,2022-03-18T01:00:00Z,2022-03-18T20:30:00Z
7,2,Habil,1459,0:20:12,0:19:10,0:20:42,Calle 100 A - 2 ó 5,Portal Sur T3,2022-03-18T01:00:00Z,2022-03-18T01:00:00Z,2022-03-18T20:30:00Z
7,2,Habil,1459,0:20:12,0:19:10,0:20:42,Calle 100 A - 2 ó 5,Portal Sur T3,2022-03-18T20:30:00Z,2022-03-18T01:00:00Z,2022-03-18T20:30:00Z
48,1,Habil,1502,01:17:00,01:13:45,01:20:30,Portal Tunal T4,Toberín A - 4 ó 6,2022-03-18T01:00:00Z,2022-03-18T01:00:00Z,2022-03-18T20:30:00Z
48,1,Habil,1502,01:17:00,01:13:45,01:20:30,Portal Tunal T4,Toberín A - 4 ó 6,2022-03-18T20:30:00Z,2022-03-18T01:00:00Z,2022-03-18T20:30:00Z
